"Carimbo de data/hora","Idade","Sexo","Qual seu nível de escolaridade?","Você já utilizou algum simulador virtual gráfico?","Você já ouviu falar de Interface de Usuário Tangível?","Identifique os peixes no aquário e os sensores e atuadores do equipamento de IUT","Identifique a barra de saúde dos peixes no aquário","Identifique os fatores que são alterados de forma dinâmica no jogo, como temperatura, luminosidade, clima, etc.","Rotacione o botão no kit de IUT para alterar a temperatura do aquecedor","Cubra com as mãos o sensor de luz para alterar a luminosidade do aquário","Pressione o botão no kit de IUT para alimentar os peixes no jogo","Aumente a temperatura do aquecedor até aproximadamente 30ºC e tente perceber o que acontece com a saúde dos peixes","Tente manter a temperatura do aquário entre 24ºC e 26ºC, mantendo a luminosidade","Faça com que a barra de saúde dos peixes fique vazia e veja o que acontece","Você conseguiu concluir os objetivos dessa pesquisa com facilidade?","Quantas tarefas você concluiu sem NENHUM auxílio externo?","Como você classifica a experiência de utilizar um equipamento de Interface de Usuário Tangível?","Como você classifica a usabilidade do Aquário Virtual?","Você acha que o Aquário Virtual cumpriu seu objetivo de desenvolver um simulador de ecossistemas utilizando Interface de Usuário Tangível?","Você possui algum comentário geral, crítica ou sugestão?"
"2019/07/01 7:17:04 PM GMT-3","21","Masculino","Ensino superior incompleto","Às vezes","Não","Concluído","Concluído","Concluído","Concluído","Concluído","Concluído","Concluído","Concluído","Concluído","5","4","5","4","5","desculpa pelo botao..."
"2019/07/01 7:25:30 PM GMT-3","20","Prefiro não responder","Ensino superior incompleto","Frequentemente","Sim","Concluído","Concluído","Concluído","Concluído","Concluído","Concluído","Concluído","Concluído","Concluído","5","5","5","5","5",""
"2019/07/01 7:29:16 PM GMT-3","21","Feminino","Ensino médio completo – 2º grau","Frequentemente","Sim","Concluído","Concluído","Concluído","Concluído","Concluído","Concluído","Concluído","Concluído","Concluído","5","5","5","4","5",""
"2019/07/01 7:44:58 PM GMT-3","24","Masculino","Ensino superior incompleto","Às vezes","Sim","Concluído","Concluído","Concluído","Concluído","Concluído","Concluído","Concluído","Concluído","Concluído","5","5","5","4","5","Seria interessante uma legenda indicando a barra de temperatura. A barra verde que indica a temperatura ideal não está totalmente claro."
"2019/07/01 7:54:34 PM GMT-3","20","Masculino","Ensino superior incompleto","Às vezes","Sim","Concluído","Concluído","Concluído","Concluído","Concluído","Concluído","Concluído","Concluído","Concluído","5","5","4","5","5","Melhorar o menu inicial"
"2019/07/01 8:02:15 PM GMT-3","21","Masculino","Ensino superior incompleto","Às vezes","Sim","Concluído","Concluído","Concluído","Concluído","Concluído","Concluído","Concluído","Concluído","Concluído","5","5","4","4","5",""
"2019/07/01 8:09:43 PM GMT-3","24","Masculino","Ensino superior incompleto","Às vezes","Não","Concluído","Concluído","Concluído","Concluído","Concluído","Concluído","Concluído","Concluído","Concluído","5","5","5","4","5",""
"2019/07/01 8:25:22 PM GMT-3","35","Masculino","Ensino superior completo","Às vezes","Não","Concluído","Concluído","Concluído","Concluído","Concluído","Concluído","Concluído","Concluído","Concluído","5","5","5","5","5",""
"2019/07/01 8:43:55 PM GMT-3","21","Masculino","Ensino superior incompleto","Nunca utilizei","Não","Concluído","Concluído","Concluído","Concluído","Concluído","Concluído","Concluído","Concluído","Concluído","5","5","5","5","5","Muito bem implementado, unico possivel ponto de melhoria seria o aumento da complexidade do meio e das interacoes"